"ISO3","name",1995,1996,1997,1998,1999,2000,2001,2002,2003,2004,2005,2006,2007,2008,2009,2010,2011,"Raw Reporting","Input Reporting"
"AFG","Afghanistan",0,0,0,0,0,0,0,0,0,0,0,0,0,0,0,0,,,
"ALB","Albania",0.06,0.06,0.06,0.06,0.06,0.06,0.06,0.06,0.06,0.06,0.06,0.06,0.06,0.06,0.06,0.06,,,
"DZA","Algeria",0,0,0,0,0,0,0,0,0,0,0,0,0,0,0,0,,,
"AND","Andorra",0,0,0,0,0,0,0,0,0,0,0,0,0,0,0,0,,,
"AGO","Angola",0,0,0,0,0,0,0,0,0,0,0,0,0,0,0,0,,,
"ATG","Antigua and Barbuda",0.41,0.41,0.41,0.41,0.41,0.41,0.41,0.41,0.41,0.41,0.41,0.41,0.41,0.41,0.41,0.41,,,
"ARG","Argentina",0.02,0.02,0.02,0.02,0.02,0.02,0.02,0.02,0.02,0.02,0.02,0.02,0.02,0.02,0.02,0.02,,,
"ARM","Armenia",0,0,0,0,0,0,0,0,0,0,0,0,0,0,0,0,,,
"AUS","Australia",0.02,0.02,0.02,0.02,0.02,0.02,0.02,0.02,0.02,0.02,0.02,0.02,0.02,0.02,0.02,0.02,,,
"AUT","Austria",0,0,0,0,0,0,0,0,0,0,0,0,0,0,0,0,,,
"AZE","Azerbaijan",0,0,0,0,0,0,0,0,0,0,0,0,0,0,0,0,,,
"BHS","Bahamas",0.93,0.93,0.93,0.93,0.93,0.93,0.93,0.93,0.93,0.93,0.93,0.93,0.93,0.93,0.93,0.93,,,
"BHR","Bahrain",0.52,0.52,0.52,0.52,0.52,0.52,0.52,0.52,0.52,0.52,0.52,0.52,0.52,0.52,0.52,0.52,,,
"BGD","Bangladesh",0.4,0.4,0.4,0.4,0.4,0.4,0.4,0.4,0.4,0.4,0.4,0.4,0.4,0.4,0.4,0.4,,,
"BRB","Barbados",0.04,0.04,0.04,0.04,0.04,0.04,0.04,0.04,0.04,0.04,0.04,0.04,0.04,0.04,0.04,0.04,,,
"BLR","Belarus",0,0,0,0,0,0,0,0,0,0,0,0,0,0,0,0,,,
"BEL","Belgium",0.14,0.14,0.14,0.14,0.14,0.14,0.14,0.14,0.14,0.14,0.14,0.14,0.14,0.14,0.14,0.14,,,
"BLZ","Belize",0.16,0.16,0.16,0.16,0.16,0.16,0.16,0.16,0.16,0.16,0.16,0.16,0.16,0.16,0.16,0.16,,,
"BEN","Benin",0.02,0.02,0.02,0.02,0.02,0.02,0.02,0.02,0.02,0.02,0.02,0.02,0.02,0.02,0.02,0.02,,,
"BTN","Bhutan",0,0,0,0,0,0,0,0,0,0,0,0,0,0,0,0,,,
"BOL","Bolivia, Plurinational State of",0,0,0,0,0,0,0,0,0,0,0,0,0,0,0,0,,,
"BIH","Bosnia and Herzegovina",0,0,0,0,0,0,0,0,0,0,0,0,0,0,0,0,,,
"BWA","Botswana",0,0,0,0,0,0,0,0,0,0,0,0,0,0,0,0,,,
"BRA","Brazil",0.01,0.01,0.01,0.01,0.01,0.01,0.01,0.01,0.01,0.01,0.01,0.01,0.01,0.01,0.01,0.01,,,
"BRN","Brunei Darussalam",0.05,0.05,0.05,0.05,0.05,0.05,0.05,0.05,0.05,0.05,0.05,0.05,0.05,0.05,0.05,0.05,,,
"BGR","Bulgaria",0,0,0,0,0,0,0,0,0,0,0,0,0,0,0,0,,,
"BFA","Burkina Faso",0,0,0,0,0,0,0,0,0,0,0,0,0,0,0,0,,,
"BDI","Burundi",0,0,0,0,0,0,0,0,0,0,0,0,0,0,0,0,,,
"KHM","Cambodia",0.07,0.07,0.07,0.07,0.07,0.07,0.07,0.07,0.07,0.07,0.07,0.07,0.07,0.07,0.07,0.07,,,
"CMR","Cameroon",0,0,0,0,0,0,0,0,0,0,0,0,0,0,0,0,,,
"CAN","Canada",0.03,0.03,0.03,0.03,0.03,0.03,0.03,0.03,0.03,0.03,0.03,0.03,0.03,0.03,0.03,0.03,,,
"CPV","Cape Verde",0.11,0.11,0.11,0.11,0.11,0.11,0.11,0.11,0.11,0.11,0.11,0.11,0.11,0.11,0.11,0.11,,,
"CAF","Central African Republic",0,0,0,0,0,0,0,0,0,0,0,0,0,0,0,0,,,
"TCD","Chad",0,0,0,0,0,0,0,0,0,0,0,0,0,0,0,0,,,
"CHL","Chile",0.02,0.02,0.02,0.02,0.02,0.02,0.02,0.02,0.02,0.02,0.02,0.02,0.02,0.02,0.02,0.02,,,
"CHN","China",0.02,0.02,0.02,0.02,0.02,0.02,0.02,0.02,0.02,0.02,0.02,0.02,0.02,0.02,0.02,0.02,,,
"COL","Colombia",0.01,0.01,0.01,0.01,0.01,0.01,0.01,0.01,0.01,0.01,0.01,0.01,0.01,0.01,0.01,0.01,,,
"COM","Comoros",0.1,0.1,0.1,0.1,0.1,0.1,0.1,0.1,0.1,0.1,0.1,0.1,0.1,0.1,0.1,0.1,,,
"COG","Congo",0,0,0,0,0,0,0,0,0,0,0,0,0,0,0,0,,,
"COD","Congo, the Democratic Republic of the",0,0,0,0,0,0,0,0,0,0,0,0,0,0,0,0,,,
"CRI","Costa Rica",0.04,0.04,0.04,0.04,0.04,0.04,0.04,0.04,0.04,0.04,0.04,0.04,0.04,0.04,0.04,0.04,,,
"CIV","CÃ´te d'Ivoire",0,0,0,0,0,0,0,0,0,0,0,0,0,0,0,0,,,
"HRV","Croatia",0.02,0.02,0.02,0.02,0.02,0.02,0.02,0.02,0.02,0.02,0.02,0.02,0.02,0.02,0.02,0.02,,,
"CUB","Cuba",0.21,0.21,0.21,0.21,0.21,0.21,0.21,0.21,0.21,0.21,0.21,0.21,0.21,0.21,0.21,0.21,,,
"CYP","Cyprus",0.06,0.06,0.06,0.06,0.06,0.06,0.06,0.06,0.06,0.06,0.06,0.06,0.06,0.06,0.06,0.06,,,
"CZE","Czech Republic",0,0,0,0,0,0,0,0,0,0,0,0,0,0,0,0,,,
"DNK","Denmark",0.26,0.26,0.26,0.26,0.26,0.26,0.26,0.26,0.26,0.26,0.26,0.26,0.26,0.26,0.26,0.26,,,
"DJI","Djibouti",0.02,0.02,0.02,0.02,0.02,0.02,0.02,0.02,0.02,0.02,0.02,0.02,0.02,0.02,0.02,0.02,,,
"DMA","Dominica",0.05,0.05,0.05,0.05,0.05,0.05,0.05,0.05,0.05,0.05,0.05,0.05,0.05,0.05,0.05,0.05,,,
"DOM","Dominican Republic",0.05,0.05,0.05,0.05,0.05,0.05,0.05,0.05,0.05,0.05,0.05,0.05,0.05,0.05,0.05,0.05,,,
"ECU","Ecuador",0.03,0.03,0.03,0.03,0.03,0.03,0.03,0.03,0.03,0.03,0.03,0.03,0.03,0.03,0.03,0.03,,,
"EGY","Egypt",0.03,0.03,0.03,0.03,0.03,0.03,0.03,0.03,0.03,0.03,0.03,0.03,0.03,0.03,0.03,0.03,,,
"SLV","El Salvador",0.04,0.04,0.04,0.04,0.04,0.04,0.04,0.04,0.04,0.04,0.04,0.04,0.04,0.04,0.04,0.04,,,
"GNQ","Equatorial Guinea",0.01,0.01,0.01,0.01,0.01,0.01,0.01,0.01,0.01,0.01,0.01,0.01,0.01,0.01,0.01,0.01,,,
"ERI","Eritrea",0.03,0.03,0.03,0.03,0.03,0.03,0.03,0.03,0.03,0.03,0.03,0.03,0.03,0.03,0.03,0.03,,,
"EST","Estonia",0.06,0.06,0.06,0.06,0.06,0.06,0.06,0.06,0.06,0.06,0.06,0.06,0.06,0.06,0.06,0.06,,,
"ETH","Ethiopia",0,0,0,0,0,0,0,0,0,0,0,0,0,0,0,0,,,
"FJI","Fiji",0.11,0.11,0.11,0.11,0.11,0.11,0.11,0.11,0.11,0.11,0.11,0.11,0.11,0.11,0.11,0.11,,,
"FIN","Finland",0.01,0.01,0.01,0.01,0.01,0.01,0.01,0.01,0.01,0.01,0.01,0.01,0.01,0.01,0.01,0.01,,,
"FRA","France",0.02,0.02,0.02,0.02,0.02,0.02,0.02,0.02,0.02,0.02,0.02,0.02,0.02,0.02,0.02,0.02,,,
"GAB","Gabon",0.01,0.01,0.01,0.01,0.01,0.01,0.01,0.01,0.01,0.01,0.01,0.01,0.01,0.01,0.01,0.01,,,
"GMB","Gambia",0.26,0.26,0.26,0.26,0.26,0.26,0.26,0.26,0.26,0.26,0.26,0.26,0.26,0.26,0.26,0.26,,,
"GEO","Georgia",0.02,0.02,0.02,0.02,0.02,0.02,0.02,0.02,0.02,0.02,0.02,0.02,0.02,0.02,0.02,0.02,,,
"DEU","Germany",0.06,0.06,0.06,0.06,0.06,0.06,0.06,0.06,0.06,0.06,0.06,0.06,0.06,0.06,0.06,0.06,,,
"GHA","Ghana",0.01,0.01,0.01,0.01,0.01,0.01,0.01,0.01,0.01,0.01,0.01,0.01,0.01,0.01,0.01,0.01,,,
"GRC","Greece",0.06,0.06,0.06,0.06,0.06,0.06,0.06,0.06,0.06,0.06,0.06,0.06,0.06,0.06,0.06,0.06,,,
"GRD","Grenada",0.06,0.06,0.06,0.06,0.06,0.06,0.06,0.06,0.06,0.06,0.06,0.06,0.06,0.06,0.06,0.06,,,
"GTM","Guatemala",0.02,0.02,0.02,0.02,0.02,0.02,0.02,0.02,0.02,0.02,0.02,0.02,0.02,0.02,0.02,0.02,,,
"GIN","Guinea",0.02,0.02,0.02,0.02,0.02,0.02,0.02,0.02,0.02,0.02,0.02,0.02,0.02,0.02,0.02,0.02,,,
"GNB","Guinea-Bissau",0.19,0.19,0.19,0.19,0.19,0.19,0.19,0.19,0.19,0.19,0.19,0.19,0.19,0.19,0.19,0.19,,,
"GUY","Guyana",0.04,0.04,0.04,0.04,0.04,0.04,0.04,0.04,0.04,0.04,0.04,0.04,0.04,0.04,0.04,0.04,,,
"HTI","Haiti",0.05,0.05,0.05,0.05,0.05,0.05,0.05,0.05,0.05,0.05,0.05,0.05,0.05,0.05,0.05,0.05,,,
"HND","Honduras",0.06,0.06,0.06,0.06,0.06,0.06,0.06,0.06,0.06,0.06,0.06,0.06,0.06,0.06,0.06,0.06,,,
"HUN","Hungary",0,0,0,0,0,0,0,0,0,0,0,0,0,0,0,0,,,
"ISL","Iceland",0.05,0.05,0.05,0.05,0.05,0.05,0.05,0.05,0.05,0.05,0.05,0.05,0.05,0.05,0.05,0.05,,,
"IND","India",0.03,0.03,0.03,0.03,0.03,0.03,0.03,0.03,0.03,0.03,0.03,0.03,0.03,0.03,0.03,0.03,,,
"IDN","Indonesia",0.09,0.09,0.09,0.09,0.09,0.09,0.09,0.09,0.09,0.09,0.09,0.09,0.09,0.09,0.09,0.09,,,
"IRN","Iran, Islamic Republic of",0.02,0.02,0.02,0.02,0.02,0.02,0.02,0.02,0.02,0.02,0.02,0.02,0.02,0.02,0.02,0.02,,,
"IRQ","Iraq",0.08,0.08,0.08,0.08,0.08,0.08,0.08,0.08,0.08,0.08,0.08,0.08,0.08,0.08,0.08,0.08,,,
"IRL","Ireland",0.04,0.04,0.04,0.04,0.04,0.04,0.04,0.04,0.04,0.04,0.04,0.04,0.04,0.04,0.04,0.04,,,
"ISR","Israel",0.01,0.01,0.01,0.01,0.01,0.01,0.01,0.01,0.01,0.01,0.01,0.01,0.01,0.01,0.01,0.01,,,
"ITA","Italy",0.06,0.06,0.06,0.06,0.06,0.06,0.06,0.06,0.06,0.06,0.06,0.06,0.06,0.06,0.06,0.06,,,
"JAM","Jamaica",0.07,0.07,0.07,0.07,0.07,0.07,0.07,0.07,0.07,0.07,0.07,0.07,0.07,0.07,0.07,0.07,,,
"JPN","Japan",0.07,0.07,0.07,0.07,0.07,0.07,0.07,0.07,0.07,0.07,0.07,0.07,0.07,0.07,0.07,0.07,,,
"JOR","Jordan",0,0,0,0,0,0,0,0,0,0,0,0,0,0,0,0,,,
"KAZ","Kazakhstan",0,0,0,0,0,0,0,0,0,0,0,0,0,0,0,0,,,
"KEN","Kenya",0,0,0,0,0,0,0,0,0,0,0,0,0,0,0,0,,,
"KIR","Kiribati",0,0,0,0,0,0,0,0,0,0,0,0,0,0,0,0,,,
"PRK","Korea, Democratic People's Republic of",0.04,0.04,0.04,0.04,0.04,0.04,0.04,0.04,0.04,0.04,0.04,0.04,0.04,0.04,0.04,0.04,,,
"KOR","Korea, Republic of",0.05,0.05,0.05,0.05,0.05,0.05,0.05,0.05,0.05,0.05,0.05,0.05,0.05,0.05,0.05,0.05,,,
"KWT","Kuwait",0.08,0.08,0.08,0.08,0.08,0.08,0.08,0.08,0.08,0.08,0.08,0.08,0.08,0.08,0.08,0.08,,,
"KGZ","Kyrgyzstan",0,0,0,0,0,0,0,0,0,0,0,0,0,0,0,0,,,
"LAO","Lao People's Democratic Republic",0,0,0,0,0,0,0,0,0,0,0,0,0,0,0,0,,,
"LVA","Latvia",0.04,0.04,0.04,0.04,0.04,0.04,0.04,0.04,0.04,0.04,0.04,0.04,0.04,0.04,0.04,0.04,,,
"LBN","Lebanon",0.02,0.02,0.02,0.02,0.02,0.02,0.02,0.02,0.02,0.02,0.02,0.02,0.02,0.02,0.02,0.02,,,
"LSO","Lesotho",0,0,0,0,0,0,0,0,0,0,0,0,0,0,0,0,,,
"LBR","Liberia",0.1,0.1,0.1,0.1,0.1,0.1,0.1,0.1,0.1,0.1,0.1,0.1,0.1,0.1,0.1,0.1,,,
"LBY","Libyan Arab Jamahiriya",0.01,0.01,0.01,0.01,0.01,0.01,0.01,0.01,0.01,0.01,0.01,0.01,0.01,0.01,0.01,0.01,,,
"LIE","Liechtenstein",0,0,0,0,0,0,0,0,0,0,0,0,0,0,0,0,,,
"LTU","Lithuania",0.02,0.02,0.02,0.02,0.02,0.02,0.02,0.02,0.02,0.02,0.02,0.02,0.02,0.02,0.02,0.02,,,
"LUX","Luxembourg",0,0,0,0,0,0,0,0,0,0,0,0,0,0,0,0,,,
"MDG","Madagascar",0.03,0.03,0.03,0.03,0.03,0.03,0.03,0.03,0.03,0.03,0.03,0.03,0.03,0.03,0.03,0.03,,,
"MWI","Malawi",0,0,0,0,0,0,0,0,0,0,0,0,0,0,0,0,,,
"MYS","Malaysia",0.06,0.06,0.06,0.06,0.06,0.06,0.06,0.06,0.06,0.06,0.06,0.06,0.06,0.06,0.06,0.06,,,
"MDV","Maldives",1,1,1,1,1,1,1,1,1,1,1,1,1,1,1,1,,,
"MLI","Mali",0,0,0,0,0,0,0,0,0,0,0,0,0,0,0,0,,,
"MLT","Malta",0.16,0.16,0.16,0.16,0.16,0.16,0.16,0.16,0.16,0.16,0.16,0.16,0.16,0.16,0.16,0.16,,,
"MHL","Marshall Islands",0.75,0.75,0.75,0.75,0.75,0.75,0.75,0.75,0.75,0.75,0.75,0.75,0.75,0.75,0.75,0.75,,,
"MRT","Mauritania",0.02,0.02,0.02,0.02,0.02,0.02,0.02,0.02,0.02,0.02,0.02,0.02,0.02,0.02,0.02,0.02,,,
"MUS","Mauritius",0.75,0.75,0.75,0.75,0.75,0.75,0.75,0.75,0.75,0.75,0.75,0.75,0.75,0.75,0.75,0.75,,,
"MEX","Mexico",0.05,0.05,0.05,0.05,0.05,0.05,0.05,0.05,0.05,0.05,0.05,0.05,0.05,0.05,0.05,0.05,,,
"FSM","Micronesia, Federated States of",0.75,0.75,0.75,0.75,0.75,0.75,0.75,0.75,0.75,0.75,0.75,0.75,0.75,0.75,0.75,0.75,,,
"MDA","Moldova, Republic of",0.02,0.02,0.02,0.02,0.02,0.02,0.02,0.02,0.02,0.02,0.02,0.02,0.02,0.02,0.02,0.02,,,
"MCO","Monaco",0.73,0.73,0.73,0.73,0.73,0.73,0.73,0.73,0.73,0.73,0.73,0.73,0.73,0.73,0.73,0.73,,,
"MKD","Macedonia",0,0,0,0,0,0,0,0,0,0,0,0,0,0,0,0,,,
"MNG","Mongolia",0,0,0,0,0,0,0,0,0,0,0,0,0,0,0,0,,,
"MNE","Montenegro",0,0,0,0,0,0,0,0,0,0,0,0,0,0,0,0,,,
"MAR","Morocco",0.01,0.01,0.01,0.01,0.01,0.01,0.01,0.01,0.01,0.01,0.01,0.01,0.01,0.01,0.01,0.01,,,
"MOZ","Mozambique",0.03,0.03,0.03,0.03,0.03,0.03,0.03,0.03,0.03,0.03,0.03,0.03,0.03,0.03,0.03,0.03,,,
"MMR","Myanmar",0.07,0.07,0.07,0.07,0.07,0.07,0.07,0.07,0.07,0.07,0.07,0.07,0.07,0.07,0.07,0.07,,,
"NAM","Namibia",0,0,0,0,0,0,0,0,0,0,0,0,0,0,0,0,,,
"NRU","Nauru",0.75,0.75,0.75,0.75,0.75,0.75,0.75,0.75,0.75,0.75,0.75,0.75,0.75,0.75,0.75,0.75,,,
"NPL","Nepal",0,0,0,0,0,0,0,0,0,0,0,0,0,0,0,0,,,
"NLD","Netherlands",0.75,0.75,0.75,0.75,0.75,0.75,0.75,0.75,0.75,0.75,0.75,0.75,0.75,0.75,0.75,0.75,,,
"NZL","New Zealand",0.03,0.03,0.03,0.03,0.03,0.03,0.03,0.03,0.03,0.03,0.03,0.03,0.03,0.03,0.03,0.03,,,
"NIC","Nicaragua",0.06,0.06,0.06,0.06,0.06,0.06,0.06,0.06,0.06,0.06,0.06,0.06,0.06,0.06,0.06,0.06,,,
"NER","Niger",0,0,0,0,0,0,0,0,0,0,0,0,0,0,0,0,,,
"NGA","Nigeria",0.01,0.01,0.01,0.01,0.01,0.01,0.01,0.01,0.01,0.01,0.01,0.01,0.01,0.01,0.01,0.01,,,
"NOR","Norway",0.04,0.04,0.04,0.04,0.04,0.04,0.04,0.04,0.04,0.04,0.04,0.04,0.04,0.04,0.04,0.04,,,
"OMN","Oman",0.01,0.01,0.01,0.01,0.01,0.01,0.01,0.01,0.01,0.01,0.01,0.01,0.01,0.01,0.01,0.01,,,
"PAK","Pakistan",0.03,0.03,0.03,0.03,0.03,0.03,0.03,0.03,0.03,0.03,0.03,0.03,0.03,0.03,0.03,0.03,,,
"PLW","Palau",0.19,0.19,0.19,0.19,0.19,0.19,0.19,0.19,0.19,0.19,0.19,0.19,0.19,0.19,0.19,0.19,,,
"PAN","Panama",0.04,0.04,0.04,0.04,0.04,0.04,0.04,0.04,0.04,0.04,0.04,0.04,0.04,0.04,0.04,0.04,,,
"PNG","Papua New Guinea",0.02,0.02,0.02,0.02,0.02,0.02,0.02,0.02,0.02,0.02,0.02,0.02,0.02,0.02,0.02,0.02,,,
"PRY","Paraguay",0,0,0,0,0,0,0,0,0,0,0,0,0,0,0,0,,,
"PER","Peru",0,0,0,0,0,0,0,0,0,0,0,0,0,0,0,0,,,
"PHL","Philippines",0.08,0.08,0.08,0.08,0.08,0.08,0.08,0.08,0.08,0.08,0.08,0.08,0.08,0.08,0.08,0.08,,,
"POL","Poland",0.02,0.02,0.02,0.02,0.02,0.02,0.02,0.02,0.02,0.02,0.02,0.02,0.02,0.02,0.02,0.02,,,
"PRT","Portugal",0.02,0.02,0.02,0.02,0.02,0.02,0.02,0.02,0.02,0.02,0.02,0.02,0.02,0.02,0.02,0.02,,,
"QAT","Qatar",0.23,0.23,0.23,0.23,0.23,0.23,0.23,0.23,0.23,0.23,0.23,0.23,0.23,0.23,0.23,0.23,,,
"ROU","Romania",0.04,0.04,0.04,0.04,0.04,0.04,0.04,0.04,0.04,0.04,0.04,0.04,0.04,0.04,0.04,0.04,,,
"RUS","Russian Federation",0.02,0.02,0.02,0.02,0.02,0.02,0.02,0.02,0.02,0.02,0.02,0.02,0.02,0.02,0.02,0.02,,,
"RWA","Rwanda",0,0,0,0,0,0,0,0,0,0,0,0,0,0,0,0,,,
"KNA","Saint Kitts and Nevis",0.17,0.17,0.17,0.17,0.17,0.17,0.17,0.17,0.17,0.17,0.17,0.17,0.17,0.17,0.17,0.17,,,
"LCA","Saint Lucia",0.04,0.04,0.04,0.04,0.04,0.04,0.04,0.04,0.04,0.04,0.04,0.04,0.04,0.04,0.04,0.04,,,
"VCT","Saint Vincent and the Grenadines",0.11,0.11,0.11,0.11,0.11,0.11,0.11,0.11,0.11,0.11,0.11,0.11,0.11,0.11,0.11,0.11,,,
"WSM","Samoa",0.08,0.08,0.08,0.08,0.08,0.08,0.08,0.08,0.08,0.08,0.08,0.08,0.08,0.08,0.08,0.08,,,
"SMR","San Marino",0,0,0,0,0,0,0,0,0,0,0,0,0,0,0,0,,,
"STP","Sao Tome and Principe",0.75,0.75,0.75,0.75,0.75,0.75,0.75,0.75,0.75,0.75,0.75,0.75,0.75,0.75,0.75,0.75,,,
"SAU","Saudi Arabia",0.01,0.01,0.01,0.01,0.01,0.01,0.01,0.01,0.01,0.01,0.01,0.01,0.01,0.01,0.01,0.01,,,
"SEN","Senegal",0.07,0.07,0.07,0.07,0.07,0.07,0.07,0.07,0.07,0.07,0.07,0.07,0.07,0.07,0.07,0.07,,,
"SRB","Serbia",0.07,0.07,0.07,0.07,0.07,0.07,0.07,0.07,0.07,0.07,0.07,0.07,0.07,0.07,0.07,0.07,,,
"SYC","Seychelles",0.2,0.2,0.2,0.2,0.2,0.2,0.2,0.2,0.2,0.2,0.2,0.2,0.2,0.2,0.2,0.2,,,
"SLE","Sierra Leone",0.06,0.06,0.06,0.06,0.06,0.06,0.06,0.06,0.06,0.06,0.06,0.06,0.06,0.06,0.06,0.06,,,
"SGP","Singapore",0.18,0.18,0.18,0.18,0.18,0.18,0.18,0.18,0.18,0.18,0.18,0.18,0.18,0.18,0.18,0.18,,,
"SVK","Slovakia",0,0,0,0,0,0,0,0,0,0,0,0,0,0,0,0,,,
"SVN","Slovenia",0,0,0,0,0,0,0,0,0,0,0,0,0,0,0,0,,,
"SLB","Solomon Islands",0.1,0.1,0.1,0.1,0.1,0.1,0.1,0.1,0.1,0.1,0.1,0.1,0.1,0.1,0.1,0.1,,,
"SOM","Somalia",0.01,0.01,0.01,0.01,0.01,0.01,0.01,0.01,0.01,0.01,0.01,0.01,0.01,0.01,0.01,0.01,,,
"ZAF","South Africa",0,0,0,0,0,0,0,0,0,0,0,0,0,0,0,0,,,
"ESP","Spain",0.01,0.01,0.01,0.01,0.01,0.01,0.01,0.01,0.01,0.01,0.01,0.01,0.01,0.01,0.01,0.01,,,
"LKA","Sri Lanka",0.08,0.08,0.08,0.08,0.08,0.08,0.08,0.08,0.08,0.08,0.08,0.08,0.08,0.08,0.08,0.08,,,
"SDN","Sudan",0,0,0,0,0,0,0,0,0,0,0,0,0,0,0,0,,,
"SUR","Suriname",0.05,0.05,0.05,0.05,0.05,0.05,0.05,0.05,0.05,0.05,0.05,0.05,0.05,0.05,0.05,0.05,,,
"SWZ","Swaziland",0,0,0,0,0,0,0,0,0,0,0,0,0,0,0,0,,,
"SWE","Sweden",0.02,0.02,0.02,0.02,0.02,0.02,0.02,0.02,0.02,0.02,0.02,0.02,0.02,0.02,0.02,0.02,,,
"CHE","Switzerland",0,0,0,0,0,0,0,0,0,0,0,0,0,0,0,0,,,
"SYR","Syrian Arab Republic",0,0,0,0,0,0,0,0,0,0,0,0,0,0,0,0,,,
"TJK","Tajikistan",0,0,0,0,0,0,0,0,0,0,0,0,0,0,0,0,,,
"TZA","Tanzania, United Republic of",0,0,0,0,0,0,0,0,0,0,0,0,0,0,0,0,,,
"THA","Thailand",0.07,0.07,0.07,0.07,0.07,0.07,0.07,0.07,0.07,0.07,0.07,0.07,0.07,0.07,0.07,0.07,,,
"TLS","Timor-Leste",0.75,0.75,0.75,0.75,0.75,0.75,0.75,0.75,0.75,0.75,0.75,0.75,0.75,0.75,0.75,0.75,,,
"TGO","Togo",0.01,0.01,0.01,0.01,0.01,0.01,0.01,0.01,0.01,0.01,0.01,0.01,0.01,0.01,0.01,0.01,,,
"TON","Tonga",0.4,0.4,0.4,0.4,0.4,0.4,0.4,0.4,0.4,0.4,0.4,0.4,0.4,0.4,0.4,0.4,,,
"TTO","Trinidad and Tobago",0.09,0.09,0.09,0.09,0.09,0.09,0.09,0.09,0.09,0.09,0.09,0.09,0.09,0.09,0.09,0.09,,,
"TUN","Tunisia",0.03,0.03,0.03,0.03,0.03,0.03,0.03,0.03,0.03,0.03,0.03,0.03,0.03,0.03,0.03,0.03,,,
"TUR","Turkey",0.01,0.01,0.01,0.01,0.01,0.01,0.01,0.01,0.01,0.01,0.01,0.01,0.01,0.01,0.01,0.01,,,
"TKM","Turkmenistan",0,0,0,0,0,0,0,0,0,0,0,0,0,0,0,0,,,
"TUV","Tuvalu",0.75,0.75,0.75,0.75,0.75,0.75,0.75,0.75,0.75,0.75,0.75,0.75,0.75,0.75,0.75,0.75,,,
"UGA","Uganda",0,0,0,0,0,0,0,0,0,0,0,0,0,0,0,0,,,
"UKR","Ukraine",0.02,0.02,0.02,0.02,0.02,0.02,0.02,0.02,0.02,0.02,0.02,0.02,0.02,0.02,0.02,0.02,,,
"ARE","United Arab Emirates",0.06,0.06,0.06,0.06,0.06,0.06,0.06,0.06,0.06,0.06,0.06,0.06,0.06,0.06,0.06,0.06,,,
"GBR","United Kingdom",0.09,0.09,0.09,0.09,0.09,0.09,0.09,0.09,0.09,0.09,0.09,0.09,0.09,0.09,0.09,0.09,,,
"USA","United States",0.03,0.03,0.03,0.03,0.03,0.03,0.03,0.03,0.03,0.03,0.03,0.03,0.03,0.03,0.03,0.03,,,
"URY","Uruguay",0.04,0.04,0.04,0.04,0.04,0.04,0.04,0.04,0.04,0.04,0.04,0.04,0.04,0.04,0.04,0.04,,,
"UZB","Uzbekistan",0,0,0,0,0,0,0,0,0,0,0,0,0,0,0,0,,,
"VUT","Vanuatu",0.07,0.07,0.07,0.07,0.07,0.07,0.07,0.07,0.07,0.07,0.07,0.07,0.07,0.07,0.07,0.07,,,
"VEN","Venezuela, Bolivarian Republic of",0.04,0.04,0.04,0.04,0.04,0.04,0.04,0.04,0.04,0.04,0.04,0.04,0.04,0.04,0.04,0.04,,,
"VNM","Viet Nam",0.2,0.2,0.2,0.2,0.2,0.2,0.2,0.2,0.2,0.2,0.2,0.2,0.2,0.2,0.2,0.2,,,
"YEM","Yemen",0.01,0.01,0.01,0.01,0.01,0.01,0.01,0.01,0.01,0.01,0.01,0.01,0.01,0.01,0.01,0.01,,,
"ZMB","Zambia",0,0,0,0,0,0,0,0,0,0,0,0,0,0,0,0,,,
"ZWE","Zimbabwe",0,0,0,0,0,0,0,0,0,0,0,0,0,0,0,0,,,
